### MySQL语句 - 数据描述



现在假设有三个数据表. students, inquiries, student_inquiries. 

分别如下:

#### 1. students

**数据格式:**

```mysql
MariaDB [inquiry_app_development]> describe students;
+------------+--------------+------+-----+---------+----------------+
| Field      | Type         | Null | Key | Default | Extra          |
+------------+--------------+------+-----+---------+----------------+
| id         | bigint(20)   | NO   | PRI | NULL    | auto_increment |
| reg_num    | int(11)      | YES  |     | NULL    |                |
| name       | varchar(255) | YES  |     | NULL    |                |
| gender     | varchar(255) | YES  |     | NULL    |                |
| created_at | datetime     | NO   |     | NULL    |                |
| updated_at | datetime     | NO   |     | NULL    |                |
+------------+--------------+------+-----+---------+----------------+
6 rows in set (0.01 sec)
```

**数据内容:**

```mysql
MariaDB [inquiry_app_development]> select * from students;
+----+---------+-----------------+--------+---------------------+---------------------+
| id | reg_num | name            | gender | created_at          | updated_at          |
+----+---------+-----------------+--------+---------------------+---------------------+
|  1 | 1811103 | 鈴木一郎        | 男     | 2018-05-18 02:36:22 | 2018-05-21 11:19:04 |
|  2 | 1811302 | 田中二郎        | 男     | 2018-05-18 02:37:10 | 2018-05-21 11:19:13 |
|  3 | 1811283 | 小畑恵          | 女     | 2018-05-18 02:37:54 | 2018-05-21 11:19:28 |
|  4 | 1811336 | zhaoxin         | 男     | 2018-05-18 02:52:44 | 2018-05-21 11:19:41 |
|  5 | 1811003 | 渡部祥子        | 女     | 2018-05-21 10:15:13 | 2018-05-21 11:19:56 |
|  6 | 1811328 | Phillips        | 女     | 2018-05-21 11:20:49 | 2018-05-21 11:20:49 |
|  7 | 1811232 | 小羽田典子      | 女     | 2018-05-21 11:21:46 | 2018-05-21 11:21:46 |
|  8 | 1811234 | 田中翔太        | 男     | 2018-05-21 11:22:22 | 2018-05-21 11:22:22 |
+----+---------+-----------------+--------+---------------------+---------------------+
8 rows in set (0.02 sec)
```





#### 2. Inquiries

**数据格式:**

```mysql
MariaDB [inquiry_app_development]> describe inquiries;
+------------+--------------+------+-----+---------+----------------+
| Field      | Type         | Null | Key | Default | Extra          |
+------------+--------------+------+-----+---------+----------------+
| id         | bigint(20)   | NO   | PRI | NULL    | auto_increment |
| entry      | varchar(255) | YES  |     | NULL    |                |
| created_at | datetime     | NO   |     | NULL    |                |
| updated_at | datetime     | NO   |     | NULL    |                |
+------------+--------------+------+-----+---------+----------------+
4 rows in set (0.00 sec)
```

**数据内容:**

```mysql
MariaDB [inquiry_app_development]> select * from inquiries;
+----+-----------------------------------------------------------------------------------------+---------------------+---------------------+
| id | entry                                                                                   | created_at          | updated_at          |
+----+-----------------------------------------------------------------------------------------+---------------------+---------------------+
|  1 | 先生の話し方（言葉・声の調子など）は適切でしたか。                                      | 2018-05-18 02:38:29 | 2018-05-21 11:24:00 |
|  2 | 先生は、学生が質問や意見を述べられるように配慮しましたか。                              | 2018-05-18 02:38:57 | 2018-05-21 11:24:26 |
|  3 | あなたは、授業に対して意欲的に取り組みましたか。                                        | 2018-05-21 11:23:32 | 2018-05-21 11:23:32 |
|  4 | 先生は、授業中の私語に対して適切な処置を取りましたか 。                                 | 2018-05-21 11:24:47 | 2018-05-21 11:24:47 |
|  5 | 授業の内容は興味 や関心が持てる ものでしたか。                                          | 2018-05-21 11:25:01 | 2018-05-21 11:25:01 |
|  6 | 授業の内容は理解できるものでしたか。                                                    | 2018-05-21 11:25:13 | 2018-05-21 11:25:13 |
+----+-----------------------------------------------------------------------------------------+---------------------+---------------------+
6 rows in set (0.01 sec)

```



#### 3. Inquiries_students

**数据格式**

```mysql
MariaDB [inquiry_app_development]> describe inquiries_students;
+------------+--------------+------+-----+---------+----------------+
| Field      | Type         | Null | Key | Default | Extra          |
+------------+--------------+------+-----+---------+----------------+
| id         | bigint(20)   | NO   | PRI | NULL    | auto_increment |
| inquiry_id | bigint(20)   | YES  | MUL | NULL    |                |
| student_id | bigint(20)   | YES  | MUL | NULL    |                |
| answer     | varchar(255) | YES  |     | NULL    |                |
| created_at | datetime     | NO   |     | NULL    |                |
| updated_at | datetime     | NO   |     | NULL    |                |
+------------+--------------+------+-----+---------+----------------+
6 rows in set (0.00 sec)

```

**数据内容**

```mysql
MariaDB [inquiry_app_development]> select * from inquiries_students;
+-----+------------+------------+--------+---------------------+---------------------+
| id  | inquiry_id | student_id | answer | created_at          | updated_at          |
+-----+------------+------------+--------+---------------------+---------------------+
|  63 |          1 |          1 | いえ   | 2018-05-21 20:53:16 | 2018-05-21 20:53:16 |
|  64 |          1 |          2 | いえ   | 2018-05-21 20:53:16 | 2018-05-21 20:53:16 |
|  65 |          1 |          3 | いえ   | 2018-05-21 20:53:16 | 2018-05-21 20:53:16 |
|  66 |          1 |          4 | はい   | 2018-05-21 20:53:16 | 2018-05-21 20:53:16 |
|  67 |          1 |          5 | いえ   | 2018-05-21 20:53:16 | 2018-05-21 
....
....
....
```



#### 4. Students2

为了和students进行多表操作测试,建立一个students2, 其中含有一条和students中一模一样的数据.

```mysql
+----+---------+--------------+--------+---------------------+---------------------+
| id | reg_num | name         | gender | created_at          | updated_at          |
+----+---------+--------------+--------+---------------------+---------------------+
|  1 | 1811103 | 鈴木一郎     | 男     | 2018-05-18 02:36:22 | 2018-05-21 11:19:04 |
+----+---------+--------------+--------+---------------------+---------------------+

```



